mtry,ntree,MDGI
A,A,0.97
R,A,0.29
N,A,0.18
D,A,0.31
C,A,0.22
E,A,0.31
Q,A,0.41
G,A,0.60
H,A,0.11
I,A,0.79
L,A,0.46
K,A,0.43
M,A,0.05
F,A,0.21
P,A,0.36
S,A,0.32
T,A,0.29
W,A,0.17
Y,A,0.17
V,A,0.29
A,R,0.43
R,R,0.82
N,R,0.13
D,R,0.26
C,R,0.08
E,R,0.23
Q,R,0.54
G,R,0.54
H,R,0.26
I,R,0.30
L,R,0.35
K,R,0.68
M,R,0.17
F,R,0.24
P,R,0.35
S,R,0.64
T,R,1.45
W,R,0.04
Y,R,0.21
V,R,0.33
A,N,0.14
R,N,0.20
N,N,0.18
D,N,0.20
C,N,0.77
E,N,0.36
Q,N,0.12
G,N,0.24
H,N,0.08
I,N,0.31
L,N,0.21
K,N,0.23
M,N,0.14
F,N,0.14
P,N,0.18
S,N,0.11
T,N,0.13
W,N,0.01
Y,N,0.24
V,N,0.42
A,D,0.80
R,D,0.29
N,D,0.24
D,D,0.29
C,D,0.10
E,D,0.21
Q,D,0.49
G,D,0.26
H,D,0.03
I,D,0.48
L,D,0.42
K,D,0.20
M,D,0.03
F,D,0.18
P,D,0.35
S,D,0.26
T,D,0.35
W,D,0.27
Y,D,0.13
V,D,0.42
A,C,0.42
R,C,0.25
N,C,0.10
D,C,0.17
C,C,0.01
E,C,0.36
Q,C,0.28
G,C,0.14
H,C,0.08
I,C,0.06
L,C,0.19
K,C,0.08
M,C,0.07
F,C,0.15
P,C,1.04
S,C,1.46
T,C,1.76
W,C,0.00
Y,C,0.32
V,C,0.24
A,E,0.37
R,E,0.45
N,E,0.11
D,E,0.34
C,E,0.31
E,E,0.45
Q,E,0.09
G,E,0.23
H,E,0.11
I,E,0.23
L,E,0.43
K,E,0.23
M,E,0.27
F,E,0.14
P,E,0.29
S,E,0.33
T,E,0.44
W,E,0.12
Y,E,0.16
V,E,0.38
A,Q,0.69
R,Q,0.52
N,Q,0.16
D,Q,0.13
C,Q,0.24
E,Q,0.18
Q,Q,0.18
G,Q,0.17
H,Q,0.20
I,Q,0.19
L,Q,0.24
K,Q,0.23
M,Q,0.07
F,Q,0.24
P,Q,0.18
S,Q,0.06
T,Q,0.14
W,Q,0.03
Y,Q,0.04
V,Q,0.35
A,G,0.43
R,G,0.78
N,G,0.26
D,G,0.21
C,G,1.52
E,G,0.63
Q,G,0.23
G,G,0.38
H,G,1.06
I,G,0.45
L,G,0.58
K,G,0.34
M,G,0.18
F,G,0.20
P,G,0.33
S,G,0.50
T,G,0.51
W,G,0.09
Y,G,0.23
V,G,0.35
A,H,0.04
R,H,0.16
N,H,0.10
D,H,0.09
C,H,0.15
E,H,0.14
Q,H,0.04
G,H,0.72
H,H,0.38
I,H,0.12
L,H,0.19
K,H,0.12
M,H,0.01
F,H,0.07
P,H,0.29
S,H,0.07
T,H,0.09
W,H,0.01
Y,H,0.03
V,H,0.14
A,I,0.37
R,I,0.36
N,I,0.18
D,I,0.40
C,I,0.14
E,I,0.34
Q,I,0.34
G,I,0.28
H,I,0.04
I,I,0.32
L,I,1.05
K,I,0.62
M,I,0.10
F,I,0.17
P,I,0.24
S,I,0.24
T,I,0.32
W,I,0.05
Y,I,0.27
V,I,0.35
A,L,0.94
R,L,0.64
N,L,0.45
D,L,0.38
C,L,0.48
E,L,0.55
Q,L,0.39
G,L,0.59
H,L,0.11
I,L,0.39
L,L,0.61
K,L,0.52
M,L,0.21
F,L,0.54
P,L,0.52
S,L,0.95
T,L,0.25
W,L,0.18
Y,L,0.31
V,L,0.60
A,K,0.38
R,K,0.34
N,K,0.42
D,K,0.39
C,K,0.24
E,K,0.41
Q,K,0.59
G,K,0.36
H,K,0.24
I,K,0.48
L,K,0.37
K,K,0.34
M,K,0.18
F,K,0.25
P,K,0.21
S,K,0.42
T,K,0.23
W,K,0.02
Y,K,0.14
V,K,0.19
A,M,0.20
R,M,0.08
N,M,0.06
D,M,0.04
C,M,0.05
E,M,0.09
Q,M,0.32
G,M,0.15
H,M,0.00
I,M,0.13
L,M,0.20
K,M,0.13
M,M,0.06
F,M,0.03
P,M,0.15
S,M,0.17
T,M,0.24
W,M,0.01
Y,M,0.09
V,M,0.18
A,F,0.41
R,F,0.17
N,F,0.13
D,F,0.11
C,F,0.02
E,F,0.25
Q,F,0.12
G,F,0.34
H,F,0.02
I,F,0.51
L,F,0.23
K,F,0.27
M,F,0.24
F,F,0.14
P,F,1.23
S,F,0.15
T,F,0.26
W,F,0.02
Y,F,0.04
V,F,0.24
A,P,0.37
R,P,0.99
N,P,0.26
D,P,0.27
C,P,0.07
E,P,0.21
Q,P,0.11
G,P,0.23
H,P,0.19
I,P,0.36
L,P,0.49
K,P,0.26
M,P,0.20
F,P,0.24
P,P,0.15
S,P,3.20
T,P,0.26
W,P,0.04
Y,P,0.10
V,P,0.18
A,S,1.11
R,S,0.38
N,S,0.25
D,S,0.28
C,S,1.49
E,S,0.26
Q,S,0.25
G,S,0.40
H,S,0.16
I,S,0.44
L,S,0.46
K,S,0.44
M,S,0.14
F,S,0.23
P,S,0.36
S,S,0.36
T,S,0.31
W,S,0.41
Y,S,0.25
V,S,0.48
A,T,0.30
R,T,1.34
N,T,0.19
D,T,0.14
C,T,0.17
E,T,0.14
Q,T,0.11
G,T,0.42
H,T,0.08
I,T,0.53
L,T,0.76
K,T,0.30
M,T,0.15
F,T,0.32
P,T,0.15
S,T,0.89
T,T,0.19
W,T,0.42
Y,T,0.11
V,T,0.23
A,W,0.14
R,W,0.13
N,W,0.07
D,W,0.09
C,W,0.02
E,W,0.24
Q,W,0.02
G,W,0.06
H,W,0.02
I,W,0.05
L,W,0.20
K,W,0.07
M,W,0.00
F,W,0.00
P,W,0.70
S,W,0.22
T,W,0.17
W,W,0.04
Y,W,0.17
V,W,0.05
A,Y,0.38
R,Y,0.25
N,Y,0.07
D,Y,0.22
C,Y,0.06
E,Y,0.11
Q,Y,0.05
G,Y,0.11
H,Y,0.11
I,Y,0.24
L,Y,0.18
K,Y,0.11
M,Y,0.05
F,Y,0.06
P,Y,0.04
S,Y,0.13
T,Y,0.08
W,Y,0.02
Y,Y,0.10
V,Y,0.22
A,V,0.33
R,V,0.32
N,V,0.13
D,V,0.19
C,V,0.03
E,V,0.41
Q,V,0.18
G,V,0.36
H,V,0.24
I,V,0.85
L,V,0.47
K,V,0.18
M,V,0.08
F,V,0.09
P,V,0.18
S,V,0.37
T,V,0.42
W,V,0.05
Y,V,0.16
V,V,0.47
